Workbook
Name Fallas: [1]Configuracion!$Y$3:$Y$7
Name Horas_programadas: #REF!

Sheet Resultados

Sheet Instrucciones
B2: PRUEBA DE EXCEL
B6: Formatos - 10%
B7: Instrucciones: Aplicar las preguntas en la hoja correspondiente. | D7: Aplicar en Hoja | E7: Validacion
B8: 1 | C8: Retira la opción de mostrar Líneas de cuadricula en todas las hojas. | D8: Todas | E8: Se revisan todas las hojas
B9: 2 | C9: Cambia el nombre de la "Hoja2" por "Base" | D9: Hoja2 | E9: Se revisa la pestana
B10: 3 | C10: Aplica todos los bordes a la tabla. | D10: Base | E10: Se revisa la hoja Base
B11: 4 | C11: Aplicar formato de % con 2 decimales a la columna "J" | D11: Base | E11: Se revisa la hoja Base
B12: 5 | C12: Aplicar el formato de fecha personalizado "dd-mmm-aa" a la columna "A" | D12: Base | E12: Se revisa la hoja Base
B13: 6 | C13: Aplicar formato de hora personalizado "HH:MM:SS" a la columna "H" e "I" | D13: Base | E13: Se revisa la hoja Base
B14: 7 | C14: Quitar los espacios y caracteres de cada celda en la columna "D" de tal modo que queden puros números | D14: Base | E14: Que comando o formula uso? R: ulitice la opcion de remplazar con el comando de incono + L y la formula de limpiar por si tiene espacion que no se van con la opcion de remplazar
B15: 8 | C15: Ajusta el ancho de las columnas y centrar los datos de tal modo que se pueda leer claramente la tabla. | D15: Base | E15: Se revisa la hoja Base
B16: 9 | C16: Insertar un Filtro en los encabezados de la tabla | D16: Base | E16: Se revisa la hoja Base
B17: 10 | C17: Ordenar datos de forma ascendente por la columna "B" | D17: Base | E17: Se revisa la hoja Base
B18: 11 | C18: Aplicar formato condicional a la columna "J" con los siguientes criterios: Celda color rojo y Letras Amarillas si el resultado es mayor o igual a 90%, Celda color Verde oscuro y Letras Verde Claro si el resultado es menor a 90% | D18: Base | E18: Se revisa la hoja Base
B19: 12 | C19: Insertar un Comentario en la celda "C35" con su nombre completo. | D19: Instrucciones | E19: Se revisa la hoja Base
B21: Formulas y Validación - 30%
B22: Instrucciones | D22: Aplicar en Hoja | E22: Aplicar formula
B23: 1 | C23: Formula que nos arroje que día es hoy. Ejem: Martes, 23 de enero del 2011 | D23: ======> | E23: =TODAY() -> 45987 | G23: =HOY()
B24: 2 | C24: Formula que arroje la suma de la columna "H" únicamente para las horas programadas, esto de la hoja "Base" | D24: ======> | E24: =COUNTIF(base!H:H,"16:303:00") -> 0 | G24: =contar.si.cojunto
B25: 3 | C25: Formula que arroje únicamente la suma de la columna "H" de los datos visibles ( es decir si tengo datos filtrados únicamente arrojará la suma de los datos visibles) , esto de la hoja "Base" | D25: ======> | E25: =COUNTA(base!F2,base!F3,base!F13,base!F14,) -> 5 | G25: =CONTARA(base!F2;base!F3;base!F13;base!F14;)
B26: 4 | C26: Formula que arroje el nombre del agente perteneciente al numero de Avaya que se ingrese en la celda "E26" si este se encuentra en la hoja Base de lo contrario Arrojar el texto "No Encontrado". | D26: ======> | E26: =_xlfn.XLOOKUP(base!E26,base!E:E,base!C:C,"NO ENCONTRADO",0) -> Eder Garza | G26: =BUSCARX(base!E26;base!E:E;base!C:C;"NO ENCONTRADO";0)
B27: 5 | C27: Formula que junte las celdas "E23 y "F23" de la hoja base | D27: ======> | E27: =base!E23&base!F23 -> TLGWMVazquez, Jose | G27: =base!E23&base!F23
B28: 6 | C28: Formula que arroje el total de asistencias de la hoja Base ( las asistencias aparecen como "1" en la columna "G" | D28: ======> | E28: =COUNTIF(base!G:G,1) -> 60 | G28: =CONTAR.SI(base!G:G;1)
B29: 7 | C29: Formula que arroje el total de agentes en la hoja "Base" | D29: ======> | E29: =COUNTA(base!F:F) -> 143 | G29: =CONTARA(base!F:F)
B30: 8 | C30: Formula que arroje el texto de la celda "C40" en Mayúsculas | D30: ======> | E30: =UPPER(base!C40) -> ANGEL PUENTE | G30: =MAYUSC(base!C40)
B31: 9 | C31: Ingresar Validación de datos, que solamente permita ingresar números enteros del 1 al 5. | D31: ======> | E31: 5
B32: 10 | C32: Ingresar Validación que despliegue una lista del rango "B21:B29" de la hoja base | D32: ======>
B34: Grafica - 30%
B35: Instrucciones: Aplicar las preguntas en la hoja correspondiente. | D35: Aplicar en Hoja | E35: Validacion
B36: 1 | C36: Generar una Tabla en base a la hoja "Base" la cual muestre los resultados de Adherencia a nivel supervisor, tomar en cuenta que no es un promedio de los resultados de adherencia por lo cual necesitan recalcularlo en base a la siguiente formula: %ADH = Conexion en adherencia / horas programadas | D36: Tabla Dinámica | E36: Se realiza grafica en hoja Base
B37: 2 | C37: Generar una Gráfica de Barras en base a la tabla generada con la pregunta anterior. | D37: Gráfica | E37: Se realiza grafica en hoja Base
B39: Tabla Dinámica - 30%
B40: Instrucciones: Aplicar las preguntas en la hoja correspondiente. | D40: Aplicar en Hoja | E40: Validacion
B41: 1 | C41: Generar una Tabla Dinámica en base a la hoja "Base" la cual muestre los resultados de Adherencia a nivel Acm, Supervisor y Agente, tomar en cuenta que no es un promedio de los resultados de adherencia por lo cual necesitan insertar un campo calculado con la siguiente formula: %ADH = Conexion en adherencia/horas programadas | D41: Tabla Dinámica y grafica | E41: Se realiza grafica en hoja Base

Sheet base
A1: Date | B1: Acm | C1: Supervisor | D1: Avaya | E1: LOB | F1: Agent Name | G1: Asistencia | H1: Horas programadas | I1: Conexión en adherencia | J1: % In Adherence | K1: Resultado Adherencia | L1: CONTAR AGENTE NO DUPLICADO | N1: HORA PROGRAMADA BUSCADA 16:30:00
A2: 40622 | B2: Dulce Pedraza | C2: Eder Garza | D2: 77476 | E2: TLGM | F2: Martinez, Daniela | G2: 1 | H2: 2.6875 | I2: 2.6743056 | J2: 0.9627451 | K2: 0.99509044 | L2: =COUNTIF(F:F,F2) -> 1 | N2: =IF(H2<>"16:00:00",1,0) -> 1
A3: 40621 | B3: Dulce Pedraza | C3: Eder Garza | D3: 79476 | E3: TLGM | F3: Lozano, Roberto | G3: 1 | H3: 2.6458333 | I3: 2.6326389 | J3: 0.9627451 | K3: 0.99501312 | L3: =COUNTIF(F:F,F3) -> 1 | N3: =IF(H3<>"16:00:00",1,0) -> 1
A4: 40620 | B4: Dulce Pedraza | C4: Eder Garza | D4: 79634 | E4: TLGM | F4: Lopez, Andrea | G4: 1 | H4: 2.6041667 | I4: 2.5909722 | J4: 0.9627451 | K4: 0.99493333 | L4: =COUNTIF(F:F,F4) -> 1 | N4: =IF(H4<>"16:00:00",1,0) -> 1
A5: 40619 | B5: Dulce Pedraza | C5: Eder Garza | D5: 79390 | E5: TLGWM | F5: Rios, Alejandra | G5: 1 | H5: 2.5625 | I5: 2.5493056 | J5: 0.9627451 | K5: 0.99485095 | L5: =COUNTIF(F:F,F5) -> 1 | N5: =IF(H5<>"16:00:00",1,0) -> 1
A6: 40618 | B6: Dulce Pedraza | C6: Eder Garza | D6: 77834743 | E6: TLGWM | F6: Nuñez, Carolina | G6: 1 | H6: 2.5208333 | I6: 2.5076389 | J6: 0.9627451 | K6: 0.99476584 | L6: =COUNTIF(F:F,F6) -> 1 | N6: =IF(H6<>"16:00:00",1,0) -> 1
A7: 40617 | B7: Dulce Pedraza | C7: Eder Garza | D7: 77834565 | E7: TLGM | F7: Monsivais, Claudette | G7: 1 | H7: 2.4791667 | I7: 2.4659722 | J7: 0.9627451 | K7: 0.99467787 | L7: =COUNTIF(F:F,F7) -> 1 | N7: =IF(H7<>"16:00:00",1,0) -> 1
A8: 40616 | B8: Dulce Pedraza | C8: Eder Garza | D8: 75147 | E8: TLGWM | F8: Martinez, Roberto | G8: 1 | H8: 2.4375 | I8: 2.4243056 | J8: 0.9627451 | K8: 0.99458689 | L8: =COUNTIF(F:F,F8) -> 1 | N8: =IF(H8<>"16:00:00",1,0) -> 1
A9: 40615 | B9: Dulce Pedraza | C9: Eder Garza | D9: 77834046 | E9: TLGWM | F9: Gonzalez, Juan | G9: 1 | H9: 2.3958333 | I9: 2.3826389 | J9: 0.9627451 | K9: 0.99449275 | L9: =COUNTIF(F:F,F9) -> 1 | N9: =IF(H9<>"16:00:00",1,0) -> 1
A10: 40614 | B10: Dulce Pedraza | C10: Eder Garza | D10: 77077834 | E10: TLGM | F10: Gonzalez, Angel | G10: 1 | H10: 2.3541667 | I10: 2.3409722 | J10: 0.9627451 | K10: 0.99439528 | L10: =COUNTIF(F:F,F10) -> 1 | N10: =IF(H10<>"16:00:00",1,0) -> 1
A11: 40613 | B11: Dulce Pedraza | C11: Eder Garza | D11: 79437 | E11: TLGWM | F11: Garcia, Arif | G11: 1 | H11: 2.3125 | I11: 2.2993056 | J11: 0.9627451 | K11: 0.99429429 | L11: =COUNTIF(F:F,F11) -> 1 | N11: =IF(H11<>"16:00:00",1,0) -> 1
A12: 40612 | B12: Dulce Pedraza | C12: Eder Garza | D12: 76678342 | E12: TLGWM | F12: De La Garza, Pablo | G12: 1 | H12: 2.2708333 | I12: 2.2576389 | J12: 0.9627451 | K12: 0.9941896 | L12: =COUNTIF(F:F,F12) -> 1 | N12: =IF(H12<>"16:00:00",1,0) -> 1
A13: 40627 | B13: Gladys Lazaro | C13: Edgar Padilla | D13: 79327834 | E13: TLGM | F13: Mendizabal, Denise | G13: 1 | H13: 3.9375 | I13: 2.8826389 | J13: 0.9627451 | K13: 0.73209877 | L13: =COUNTIF(F:F,F13) -> 1 | N13: =IF(H13<>"16:00:00",1,0) -> 1
... A63: 40600 | B63: Jorge Bustos | C63: Cesar Hernandez | D63: 79253 | E63: UHVM | F63: Rangel, Santiago | G63: 1 | H63: 4.5625 | I63: 1.7576389 | J63: 0.9627451 | K63: 0.38523592 | L63: =COUNTIF(F:F,F63) -> 1 | N63: =IF(H63<>"16:00:00",1,0) -> 1
J64: 0.9
J65: 0.89
A66: Grafica - 30%
A67: Instrucciones: Aplicar las preguntas en la hoja correspondiente. | C67: Aplicar en Hoja | D67: Validacion
A68: 1 | B68: Generar una Tabla en base a la hoja "Base" la cual muestre los resultados de Adherencia a nivel supervisor, tomar en cuenta que no es un promedio de los resultados de adherencia por lo cual necesitan recalcularlo en base a la siguiente formula: %ADH = Conexion en adherencia / horas programadas | C68: Tabla Dinámica | D68: Se realiza grafica en hoja Base
A69: 2 | B69: Generar una Gráfica de Barras en base a la tabla generada con la pregunta anterior. | C69: Gráfica | D69: Se realiza grafica en hoja Base
A72: Etiquetas de fila | B72: Cuenta de Resultado Adherencia
A73: 0.99509044 | B73: 1
A74: 0.99501312 | B74: 1
A75: 0.99493333 | B75: 1
A76: 0.99485095 | B76: 1
A77: 0.99476584 | B77: 1
A78: 0.99467787 | B78: 1
A79: 0.99458689 | B79: 1
A80: 0.99449275 | B80: 1
A81: 0.99439528 | B81: 1
A82: 0.99429429 | B82: 1
A83: 0.9941896 | B83: 1
A84: 0.73209877 | B84: 1
... A132: 0.12493639 | B132: 1
A133: Total general | B133: 60
A135: Tabla Dinámica - 30%
A136: Instrucciones: Aplicar las preguntas en la hoja correspondiente. | C136: Aplicar en Hoja | D136: Validacion
A137: 1 | B137: Generar una Tabla Dinámica en base a la hoja "Base" la cual muestre los resultados de Adherencia a nivel Acm, Supervisor y Agente, tomar en cuenta que no es un promedio de los resultados de adherencia por lo cual necesitan insertar un campo calculado con la siguiente formula: %ADH = Conexion en adherencia/horas programadas | C137: Tabla Dinámica y grafica | D137: Se realiza grafica en hoja Base
A140: Cuenta de Resultado Adherencia
D141: 0.12493639 | E141: 0.13809524 | F141: 0.1508642 | G141: 0.16326034 | H141: 0.16945899 | I141: 0.17529976 | J141: 0.17806563 | K141: 0.18649573 | L141: 0.18699764 | M141: 0.19475465 | N141: 0.1983683 | O141: 0.20284757 | P141: 0.20942529 | Q141: 0.21077944 | R141: 0.21855501 | S141: 0.22617886 | T141: 0.23365539 | U141: 0.24098884 | V141: 0.24818325 | W141: 0.25524257 | X141: 0.26217054 | Y141: 0.26897081 | Z141: 0.38523592 | AA141: 0.3907994 | AB141: 0.39626308 | AC141: 0.40162963 | AD141: 0.40690162 | AE141: 0.4106576 | AF141: 0.41208151 | AG141: 0.41856823 | AH141: 0.42626932 | AI141: 0.43376906 | AJ141: 0.44107527 | AK141: 0.44819533 | AL141: 0.45513627 | AM141: 0.46046176 | AN141: 0.46190476 | AO141: 0.46850716 | AP141: 0.47494949 | AQ141: 0.48123752 | AR141: 0.48737673 | AS141: 0.56354776 | AT141: 0.56859345 | AU141: 0.57352381 | AV141: 0.57834275 | AW141: 0.583054 | AX141: 0.72025783 | AY141: 0.72331512 | AZ141: 0.72630631 | BA141: 0.72923351 | BB141: 0.73209877 | BC141: 0.9941896 | BD141: 0.99429429 | BE141: 0.99439528 | BF141: 0.99449275 | BG141: 0.99458689 | BH141: 0.99467787 | BI141: 0.99476584 | BJ141: 0.99485095 | BK141: 0.99493333 | BL141: 0.99501312 | BM141: 0.99509044 | BN141: Total general
A142: Angel Puente | B142: Gladys Lazaro | C142: Chavez, Pedro | D142: 1 | E142: 0 | F142: 0 | G142: 0 | H142: 0 | I142: 0 | J142: 0 | K142: 0 | L142: 0 | M142: 0 | N142: 0 | O142: 0 | P142: 0 | Q142: 0 | R142: 0 | S142: 0 | T142: 0 | U142: 0 | V142: 0 | W142: 0 | X142: 0 | Y142: 0 | Z142: 0 | AA142: 0 | AB142: 0 | AC142: 0 | AD142: 0 | AE142: 0 | AF142: 0 | AG142: 0 | AH142: 0 | AI142: 0 | AJ142: 0 | AK142: 0 | AL142: 0 | AM142: 0 | AN142: 0 | AO142: 0 | AP142: 0 | AQ142: 0 | AR142: 0 | AS142: 0 | AT142: 0 | AU142: 0 | AV142: 0 | AW142: 0 | AX142: 0 | AY142: 0 | AZ142: 0 | BA142: 0 | BB142: 0 | BC142: 0 | BD142: 0 | BE142: 0 | BF142: 0 | BG142: 0 | BH142: 0 | BI142: 0 | BJ142: 0 | BK142: 0 | BL142: 0 | BM142: 0 | BN142: 1
C143: Omaña, Maria | D143: 0 | E143: 1 | F143: 0 | G143: 0 | H143: 0 | I143: 0 | J143: 0 | K143: 0 | L143: 0 | M143: 0 | N143: 0 | O143: 0 | P143: 0 | Q143: 0 | R143: 0 | S143: 0 | T143: 0 | U143: 0 | V143: 0 | W143: 0 | X143: 0 | Y143: 0 | Z143: 0 | AA143: 0 | AB143: 0 | AC143: 0 | AD143: 0 | AE143: 0 | AF143: 0 | AG143: 0 | AH143: 0 | AI143: 0 | AJ143: 0 | AK143: 0 | AL143: 0 | AM143: 0 | AN143: 0 | AO143: 0 | AP143: 0 | AQ143: 0 | AR143: 0 | AS143: 0 | AT143: 0 | AU143: 0 | AV143: 0 | AW143: 0 | AX143: 0 | AY143: 0 | AZ143: 0 | BA143: 0 | BB143: 0 | BC143: 0 | BD143: 0 | BE143: 0 | BF143: 0 | BG143: 0 | BH143: 0 | BI143: 0 | BJ143: 0 | BK143: 0 | BL143: 0 | BM143: 0 | BN143: 1
C144: Perez, Abraham | D144: 0 | E144: 0 | F144: 1 | G144: 0 | H144: 0 | I144: 0 | J144: 0 | K144: 0 | L144: 0 | M144: 0 | N144: 0 | O144: 0 | P144: 0 | Q144: 0 | R144: 0 | S144: 0 | T144: 0 | U144: 0 | V144: 0 | W144: 0 | X144: 0 | Y144: 0 | Z144: 0 | AA144: 0 | AB144: 0 | AC144: 0 | AD144: 0 | AE144: 0 | AF144: 0 | AG144: 0 | AH144: 0 | AI144: 0 | AJ144: 0 | AK144: 0 | AL144: 0 | AM144: 0 | AN144: 0 | AO144: 0 | AP144: 0 | AQ144: 0 | AR144: 0 | AS144: 0 | AT144: 0 | AU144: 0 | AV144: 0 | AW144: 0 | AX144: 0 | AY144: 0 | AZ144: 0 | BA144: 0 | BB144: 0 | BC144: 0 | BD144: 0 | BE144: 0 | BF144: 0 | BG144: 0 | BH144: 0 | BI144: 0 | BJ144: 0 | BK144: 0 | BL144: 0 | BM144: 0 | BN144: 1
C145: Sanchez, Jaime | D145: 0 | E145: 0 | F145: 0 | G145: 1 | H145: 0 | I145: 0 | J145: 0 | K145: 0 | L145: 0 | M145: 0 | N145: 0 | O145: 0 | P145: 0 | Q145: 0 | R145: 0 | S145: 0 | T145: 0 | U145: 0 | V145: 0 | W145: 0 | X145: 0 | Y145: 0 | Z145: 0 | AA145: 0 | AB145: 0 | AC145: 0 | AD145: 0 | AE145: 0 | AF145: 0 | AG145: 0 | AH145: 0 | AI145: 0 | AJ145: 0 | AK145: 0 | AL145: 0 | AM145: 0 | AN145: 0 | AO145: 0 | AP145: 0 | AQ145: 0 | AR145: 0 | AS145: 0 | AT145: 0 | AU145: 0 | AV145: 0 | AW145: 0 | AX145: 0 | AY145: 0 | AZ145: 0 | BA145: 0 | BB145: 0 | BC145: 0 | BD145: 0 | BE145: 0 | BF145: 0 | BG145: 0 | BH145: 0 | BI145: 0 | BJ145: 0 | BK145: 0 | BL145: 0 | BM145: 0 | BN145: 1
C146: Treviño, Alejandra | D146: 0 | E146: 0 | F146: 0 | G146: 0 | H146: 0 | I146: 1 | J146: 0 | K146: 0 | L146: 0 | M146: 0 | N146: 0 | O146: 0 | P146: 0 | Q146: 0 | R146: 0 | S146: 0 | T146: 0 | U146: 0 | V146: 0 | W146: 0 | X146: 0 | Y146: 0 | Z146: 0 | AA146: 0 | AB146: 0 | AC146: 0 | AD146: 0 | AE146: 0 | AF146: 0 | AG146: 0 | AH146: 0 | AI146: 0 | AJ146: 0 | AK146: 0 | AL146: 0 | AM146: 0 | AN146: 0 | AO146: 0 | AP146: 0 | AQ146: 0 | AR146: 0 | AS146: 0 | AT146: 0 | AU146: 0 | AV146: 0 | AW146: 0 | AX146: 0 | AY146: 0 | AZ146: 0 | BA146: 0 | BB146: 0 | BC146: 0 | BD146: 0 | BE146: 0 | BF146: 0 | BG146: 0 | BH146: 0 | BI146: 0 | BJ146: 0 | BK146: 0 | BL146: 0 | BM146: 0 | BN146: 1
C147: Velazquez, Daniela | D147: 0 | E147: 0 | F147: 0 | G147: 0 | H147: 0 | I147: 0 | J147: 0 | K147: 0 | L147: 1 | M147: 0 | N147: 0 | O147: 0 | P147: 0 | Q147: 0 | R147: 0 | S147: 0 | T147: 0 | U147: 0 | V147: 0 | W147: 0 | X147: 0 | Y147: 0 | Z147: 0 | AA147: 0 | AB147: 0 | AC147: 0 | AD147: 0 | AE147: 0 | AF147: 0 | AG147: 0 | AH147: 0 | AI147: 0 | AJ147: 0 | AK147: 0 | AL147: 0 | AM147: 0 | AN147: 0 | AO147: 0 | AP147: 0 | AQ147: 0 | AR147: 0 | AS147: 0 | AT147: 0 | AU147: 0 | AV147: 0 | AW147: 0 | AX147: 0 | AY147: 0 | AZ147: 0 | BA147: 0 | BB147: 0 | BC147: 0 | BD147: 0 | BE147: 0 | BF147: 0 | BG147: 0 | BH147: 0 | BI147: 0 | BJ147: 0 | BK147: 0 | BL147: 0 | BM147: 0 | BN147: 1
C148: Zapata, Alma | D148: 0 | E148: 0 | F148: 0 | G148: 0 | H148: 0 | I148: 0 | J148: 0 | K148: 0 | L148: 0 | M148: 0 | N148: 1 | O148: 0 | P148: 0 | Q148: 0 | R148: 0 | S148: 0 | T148: 0 | U148: 0 | V148: 0 | W148: 0 | X148: 0 | Y148: 0 | Z148: 0 | AA148: 0 | AB148: 0 | AC148: 0 | AD148: 0 | AE148: 0 | AF148: 0 | AG148: 0 | AH148: 0 | AI148: 0 | AJ148: 0 | AK148: 0 | AL148: 0 | AM148: 0 | AN148: 0 | AO148: 0 | AP148: 0 | AQ148: 0 | AR148: 0 | AS148: 0 | AT148: 0 | AU148: 0 | AV148: 0 | AW148: 0 | AX148: 0 | AY148: 0 | AZ148: 0 | BA148: 0 | BB148: 0 | BC148: 0 | BD148: 0 | BE148: 0 | BF148: 0 | BG148: 0 | BH148: 0 | BI148: 0 | BJ148: 0 | BK148: 0 | BL148: 0 | BM148: 0 | BN148: 1
C149: Zarur, Laura | D149: 0 | E149: 0 | F149: 0 | G149: 0 | H149: 0 | I149: 0 | J149: 0 | K149: 0 | L149: 0 | M149: 0 | N149: 0 | O149: 0 | P149: 1 | Q149: 0 | R149: 0 | S149: 0 | T149: 0 | U149: 0 | V149: 0 | W149: 0 | X149: 0 | Y149: 0 | Z149: 0 | AA149: 0 | AB149: 0 | AC149: 0 | AD149: 0 | AE149: 0 | AF149: 0 | AG149: 0 | AH149: 0 | AI149: 0 | AJ149: 0 | AK149: 0 | AL149: 0 | AM149: 0 | AN149: 0 | AO149: 0 | AP149: 0 | AQ149: 0 | AR149: 0 | AS149: 0 | AT149: 0 | AU149: 0 | AV149: 0 | AW149: 0 | AX149: 0 | AY149: 0 | AZ149: 0 | BA149: 0 | BB149: 0 | BC149: 0 | BD149: 0 | BE149: 0 | BF149: 0 | BG149: 0 | BH149: 0 | BI149: 0 | BJ149: 0 | BK149: 0 | BL149: 0 | BM149: 0 | BN149: 1
B150: Total Gladys Lazaro | D150: 1 | E150: 1 | F150: 1 | G150: 1 | H150: 0 | I150: 1 | J150: 0 | K150: 0 | L150: 1 | M150: 0 | N150: 1 | O150: 0 | P150: 1 | Q150: 0 | R150: 0 | S150: 0 | T150: 0 | U150: 0 | V150: 0 | W150: 0 | X150: 0 | Y150: 0 | Z150: 0 | AA150: 0 | AB150: 0 | AC150: 0 | AD150: 0 | AE150: 0 | AF150: 0 | AG150: 0 | AH150: 0 | AI150: 0 | AJ150: 0 | AK150: 0 | AL150: 0 | AM150: 0 | AN150: 0 | AO150: 0 | AP150: 0 | AQ150: 0 | AR150: 0 | AS150: 0 | AT150: 0 | AU150: 0 | AV150: 0 | AW150: 0 | AX150: 0 | AY150: 0 | AZ150: 0 | BA150: 0 | BB150: 0 | BC150: 0 | BD150: 0 | BE150: 0 | BF150: 0 | BG150: 0 | BH150: 0 | BI150: 0 | BJ150: 0 | BK150: 0 | BL150: 0 | BM150: 0 | BN150: 8
A151: Total Angel Puente | D151: 1 | E151: 1 | F151: 1 | G151: 1 | H151: 0 | I151: 1 | J151: 0 | K151: 0 | L151: 1 | M151: 0 | N151: 1 | O151: 0 | P151: 1 | Q151: 0 | R151: 0 | S151: 0 | T151: 0 | U151: 0 | V151: 0 | W151: 0 | X151: 0 | Y151: 0 | Z151: 0 | AA151: 0 | AB151: 0 | AC151: 0 | AD151: 0 | AE151: 0 | AF151: 0 | AG151: 0 | AH151: 0 | AI151: 0 | AJ151: 0 | AK151: 0 | AL151: 0 | AM151: 0 | AN151: 0 | AO151: 0 | AP151: 0 | AQ151: 0 | AR151: 0 | AS151: 0 | AT151: 0 | AU151: 0 | AV151: 0 | AW151: 0 | AX151: 0 | AY151: 0 | AZ151: 0 | BA151: 0 | BB151: 0 | BC151: 0 | BD151: 0 | BE151: 0 | BF151: 0 | BG151: 0 | BH151: 0 | BI151: 0 | BJ151: 0 | BK151: 0 | BL151: 0 | BM151: 0 | BN151: 8
A152: Benjamin De Leon | B152: Gloria Hernandez | C152: Cerda, Alejandra | D152: 0 | E152: 0 | F152: 0 | G152: 0 | H152: 0 | I152: 0 | J152: 0 | K152: 0 | L152: 0 | M152: 0 | N152: 0 | O152: 0 | P152: 0 | Q152: 0 | R152: 0 | S152: 1 | T152: 0 | U152: 0 | V152: 0 | W152: 0 | X152: 0 | Y152: 0 | Z152: 0 | AA152: 0 | AB152: 0 | AC152: 0 | AD152: 0 | AE152: 0 | AF152: 0 | AG152: 0 | AH152: 0 | AI152: 0 | AJ152: 0 | AK152: 0 | AL152: 0 | AM152: 0 | AN152: 0 | AO152: 0 | AP152: 0 | AQ152: 0 | AR152: 0 | AS152: 0 | AT152: 0 | AU152: 0 | AV152: 0 | AW152: 0 | AX152: 0 | AY152: 0 | AZ152: 0 | BA152: 0 | BB152: 0 | BC152: 0 | BD152: 0 | BE152: 0 | BF152: 0 | BG152: 0 | BH152: 0 | BI152: 0 | BJ152: 0 | BK152: 0 | BL152: 0 | BM152: 0 | BN152: 1
C153: De La Garza, Arturo | D153: 0 | E153: 0 | F153: 0 | G153: 0 | H153: 0 | I153: 0 | J153: 0 | K153: 0 | L153: 0 | M153: 0 | N153: 0 | O153: 0 | P153: 0 | Q153: 0 | R153: 0 | S153: 0 | T153: 1 | U153: 0 | V153: 0 | W153: 0 | X153: 0 | Y153: 0 | Z153: 0 | AA153: 0 | AB153: 0 | AC153: 0 | AD153: 0 | AE153: 0 | AF153: 0 | AG153: 0 | AH153: 0 | AI153: 0 | AJ153: 0 | AK153: 0 | AL153: 0 | AM153: 0 | AN153: 0 | AO153: 0 | AP153: 0 | AQ153: 0 | AR153: 0 | AS153: 0 | AT153: 0 | AU153: 0 | AV153: 0 | AW153: 0 | AX153: 0 | AY153: 0 | AZ153: 0 | BA153: 0 | BB153: 0 | BC153: 0 | BD153: 0 | BE153: 0 | BF153: 0 | BG153: 0 | BH153: 0 | BI153: 0 | BJ153: 0 | BK153: 0 | BL153: 0 | BM153: 0 | BN153: 1
C154: Drew, Benjamin | D154: 0 | E154: 0 | F154: 0 | G154: 0 | H154: 0 | I154: 0 | J154: 0 | K154: 0 | L154: 0 | M154: 0 | N154: 0 | O154: 0 | P154: 0 | Q154: 0 | R154: 0 | S154: 0 | T154: 0 | U154: 1 | V154: 0 | W154: 0 | X154: 0 | Y154: 0 | Z154: 0 | AA154: 0 | AB154: 0 | AC154: 0 | AD154: 0 | AE154: 0 | AF154: 0 | AG154: 0 | AH154: 0 | AI154: 0 | AJ154: 0 | AK154: 0 | AL154: 0 | AM154: 0 | AN154: 0 | AO154: 0 | AP154: 0 | AQ154: 0 | AR154: 0 | AS154: 0 | AT154: 0 | AU154: 0 | AV154: 0 | AW154: 0 | AX154: 0 | AY154: 0 | AZ154: 0 | BA154: 0 | BB154: 0 | BC154: 0 | BD154: 0 | BE154: 0 | BF154: 0 | BG154: 0 | BH154: 0 | BI154: 0 | BJ154: 0 | BK154: 0 | BL154: 0 | BM154: 0 | BN154: 1
C155: Fernandez, Marcelo | D155: 0 | E155: 0 | F155: 0 | G155: 0 | H155: 0 | I155: 0 | J155: 0 | K155: 0 | L155: 0 | M155: 0 | N155: 0 | O155: 0 | P155: 0 | Q155: 0 | R155: 0 | S155: 0 | T155: 0 | U155: 0 | V155: 1 | W155: 0 | X155: 0 | Y155: 0 | Z155: 0 | AA155: 0 | AB155: 0 | AC155: 0 | AD155: 0 | AE155: 0 | AF155: 0 | AG155: 0 | AH155: 0 | AI155: 0 | AJ155: 0 | AK155: 0 | AL155: 0 | AM155: 0 | AN155: 0 | AO155: 0 | AP155: 0 | AQ155: 0 | AR155: 0 | AS155: 0 | AT155: 0 | AU155: 0 | AV155: 0 | AW155: 0 | AX155: 0 | AY155: 0 | AZ155: 0 | BA155: 0 | BB155: 0 | BC155: 0 | BD155: 0 | BE155: 0 | BF155: 0 | BG155: 0 | BH155: 0 | BI155: 0 | BJ155: 0 | BK155: 0 | BL155: 0 | BM155: 0 | BN155: 1
C156: Flores, Laura | D156: 0 | E156: 0 | F156: 0 | G156: 0 | H156: 1 | I156: 0 | J156: 0 | K156: 0 | L156: 0 | M156: 0 | N156: 0 | O156: 0 | P156: 0 | Q156: 0 | R156: 0 | S156: 0 | T156: 0 | U156: 0 | V156: 0 | W156: 0 | X156: 0 | Y156: 0 | Z156: 0 | AA156: 0 | AB156: 0 | AC156: 0 | AD156: 0 | AE156: 0 | AF156: 0 | AG156: 0 | AH156: 0 | AI156: 0 | AJ156: 0 | AK156: 0 | AL156: 0 | AM156: 0 | AN156: 0 | AO156: 0 | AP156: 0 | AQ156: 0 | AR156: 0 | AS156: 0 | AT156: 0 | AU156: 0 | AV156: 0 | AW156: 0 | AX156: 0 | AY156: 0 | AZ156: 0 | BA156: 0 | BB156: 0 | BC156: 0 | BD156: 0 | BE156: 0 | BF156: 0 | BG156: 0 | BH156: 0 | BI156: 0 | BJ156: 0 | BK156: 0 | BL156: 0 | BM156: 0 | BN156: 1
C157: Garcia, Jessica | D157: 0 | E157: 0 | F157: 0 | G157: 0 | H157: 0 | I157: 0 | J157: 1 | K157: 0 | L157: 0 | M157: 0 | N157: 0 | O157: 0 | P157: 0 | Q157: 0 | R157: 0 | S157: 0 | T157: 0 | U157: 0 | V157: 0 | W157: 0 | X157: 0 | Y157: 0 | Z157: 0 | AA157: 0 | AB157: 0 | AC157: 0 | AD157: 0 | AE157: 0 | AF157: 0 | AG157: 0 | AH157: 0 | AI157: 0 | AJ157: 0 | AK157: 0 | AL157: 0 | AM157: 0 | AN157: 0 | AO157: 0 | AP157: 0 | AQ157: 0 | AR157: 0 | AS157: 0 | AT157: 0 | AU157: 0 | AV157: 0 | AW157: 0 | AX157: 0 | AY157: 0 | AZ157: 0 | BA157: 0 | BB157: 0 | BC157: 0 | BD157: 0 | BE157: 0 | BF157: 0 | BG157: 0 | BH157: 0 | BI157: 0 | BJ157: 0 | BK157: 0 | BL157: 0 | BM157: 0 | BN157: 1
C158: Gomez, Andrea | D158: 0 | E158: 0 | F158: 0 | G158: 0 | H158: 0 | I158: 0 | J158: 0 | K158: 1 | L158: 0 | M158: 0 | N158: 0 | O158: 0 | P158: 0 | Q158: 0 | R158: 0 | S158: 0 | T158: 0 | U158: 0 | V158: 0 | W158: 0 | X158: 0 | Y158: 0 | Z158: 0 | AA158: 0 | AB158: 0 | AC158: 0 | AD158: 0 | AE158: 0 | AF158: 0 | AG158: 0 | AH158: 0 | AI158: 0 | AJ158: 0 | AK158: 0 | AL158: 0 | AM158: 0 | AN158: 0 | AO158: 0 | AP158: 0 | AQ158: 0 | AR158: 0 | AS158: 0 | AT158: 0 | AU158: 0 | AV158: 0 | AW158: 0 | AX158: 0 | AY158: 0 | AZ158: 0 | BA158: 0 | BB158: 0 | BC158: 0 | BD158: 0 | BE158: 0 | BF158: 0 | BG158: 0 | BH158: 0 | BI158: 0 | BJ158: 0 | BK158: 0 | BL158: 0 | BM158: 0 | BN158: 1
C159: Herrera, Abril | D159: 0 | E159: 0 | F159: 0 | G159: 0 | H159: 0 | I159: 0 | J159: 0 | K159: 0 | L159: 0 | M159: 1 | N159: 0 | O159: 0 | P159: 0 | Q159: 0 | R159: 0 | S159: 0 | T159: 0 | U159: 0 | V159: 0 | W159: 0 | X159: 0 | Y159: 0 | Z159: 0 | AA159: 0 | AB159: 0 | AC159: 0 | AD159: 0 | AE159: 0 | AF159: 0 | AG159: 0 | AH159: 0 | AI159: 0 | AJ159: 0 | AK159: 0 | AL159: 0 | AM159: 0 | AN159: 0 | AO159: 0 | AP159: 0 | AQ159: 0 | AR159: 0 | AS159: 0 | AT159: 0 | AU159: 0 | AV159: 0 | AW159: 0 | AX159: 0 | AY159: 0 | AZ159: 0 | BA159: 0 | BB159: 0 | BC159: 0 | BD159: 0 | BE159: 0 | BF159: 0 | BG159: 0 | BH159: 0 | BI159: 0 | BJ159: 0 | BK159: 0 | BL159: 0 | BM159: 0 | BN159: 1
C160: Luna, Roberto | D160: 0 | E160: 0 | F160: 0 | G160: 0 | H160: 0 | I160: 0 | J160: 0 | K160: 0 | L160: 0 | M160: 0 | N160: 0 | O160: 1 | P160: 0 | Q160: 0 | R160: 0 | S160: 0 | T160: 0 | U160: 0 | V160: 0 | W160: 0 | X160: 0 | Y160: 0 | Z160: 0 | AA160: 0 | AB160: 0 | AC160: 0 | AD160: 0 | AE160: 0 | AF160: 0 | AG160: 0 | AH160: 0 | AI160: 0 | AJ160: 0 | AK160: 0 | AL160: 0 | AM160: 0 | AN160: 0 | AO160: 0 | AP160: 0 | AQ160: 0 | AR160: 0 | AS160: 0 | AT160: 0 | AU160: 0 | AV160: 0 | AW160: 0 | AX160: 0 | AY160: 0 | AZ160: 0 | BA160: 0 | BB160: 0 | BC160: 0 | BD160: 0 | BE160: 0 | BF160: 0 | BG160: 0 | BH160: 0 | BI160: 0 | BJ160: 0 | BK160: 0 | BL160: 0 | BM160: 0 | BN160: 1
C161: Moreno, Dalila | D161: 0 | E161: 0 | F161: 0 | G161: 0 | H161: 0 | I161: 0 | J161: 0 | K161: 0 | L161: 0 | M161: 0 | N161: 0 | O161: 0 | P161: 0 | Q161: 1 | R161: 0 | S161: 0 | T161: 0 | U161: 0 | V161: 0 | W161: 0 | X161: 0 | Y161: 0 | Z161: 0 | AA161: 0 | AB161: 0 | AC161: 0 | AD161: 0 | AE161: 0 | AF161: 0 | AG161: 0 | AH161: 0 | AI161: 0 | AJ161: 0 | AK161: 0 | AL161: 0 | AM161: 0 | AN161: 0 | AO161: 0 | AP161: 0 | AQ161: 0 | AR161: 0 | AS161: 0 | AT161: 0 | AU161: 0 | AV161: 0 | AW161: 0 | AX161: 0 | AY161: 0 | AZ161: 0 | BA161: 0 | BB161: 0 | BC161: 0 | BD161: 0 | BE161: 0 | BF161: 0 | BG161: 0 | BH161: 0 | BI161: 0 | BJ161: 0 | BK161: 0 | BL161: 0 | BM161: 0 | BN161: 1
C162: Ortega, Cynthia | D162: 0 | E162: 0 | F162: 0 | G162: 0 | H162: 0 | I162: 0 | J162: 0 | K162: 0 | L162: 0 | M162: 0 | N162: 0 | O162: 0 | P162: 0 | Q162: 0 | R162: 1 | S162: 0 | T162: 0 | U162: 0 | V162: 0 | W162: 0 | X162: 0 | Y162: 0 | Z162: 0 | AA162: 0 | AB162: 0 | AC162: 0 | AD162: 0 | AE162: 0 | AF162: 0 | AG162: 0 | AH162: 0 | AI162: 0 | AJ162: 0 | AK162: 0 | AL162: 0 | AM162: 0 | AN162: 0 | AO162: 0 | AP162: 0 | AQ162: 0 | AR162: 0 | AS162: 0 | AT162: 0 | AU162: 0 | AV162: 0 | AW162: 0 | AX162: 0 | AY162: 0 | AZ162: 0 | BA162: 0 | BB162: 0 | BC162: 0 | BD162: 0 | BE162: 0 | BF162: 0 | BG162: 0 | BH162: 0 | BI162: 0 | BJ162: 0 | BK162: 0 | BL162: 0 | BM162: 0 | BN162: 1
C163: Padilla, Adrian | D163: 0 | E163: 0 | F163: 0 | G163: 0 | H163: 0 | I163: 0 | J163: 0 | K163: 0 | L163: 0 | M163: 0 | N163: 0 | O163: 0 | P163: 0 | Q163: 0 | R163: 0 | S163: 0 | T163: 0 | U163: 0 | V163: 0 | W163: 1 | X163: 0 | Y163: 0 | Z163: 0 | AA163: 0 | AB163: 0 | AC163: 0 | AD163: 0 | AE163: 0 | AF163: 0 | AG163: 0 | AH163: 0 | AI163: 0 | AJ163: 0 | AK163: 0 | AL163: 0 | AM163: 0 | AN163: 0 | AO163: 0 | AP163: 0 | AQ163: 0 | AR163: 0 | AS163: 0 | AT163: 0 | AU163: 0 | AV163: 0 | AW163: 0 | AX163: 0 | AY163: 0 | AZ163: 0 | BA163: 0 | BB163: 0 | BC163: 0 | BD163: 0 | BE163: 0 | BF163: 0 | BG163: 0 | BH163: 0 | BI163: 0 | BJ163: 0 | BK163: 0 | BL163: 0 | BM163: 0 | BN163: 1
C164: Ramos, David | D164: 0 | E164: 0 | F164: 0 | G164: 0 | H164: 0 | I164: 0 | J164: 0 | K164: 0 | L164: 0 | M164: 0 | N164: 0 | O164: 0 | P164: 0 | Q164: 0 | R164: 0 | S164: 0 | T164: 0 | U164: 0 | V164: 0 | W164: 0 | X164: 1 | Y164: 0 | Z164: 0 | AA164: 0 | AB164: 0 | AC164: 0 | AD164: 0 | AE164: 0 | AF164: 0 | AG164: 0 | AH164: 0 | AI164: 0 | AJ164: 0 | AK164: 0 | AL164: 0 | AM164: 0 | AN164: 0 | AO164: 0 | AP164: 0 | AQ164: 0 | AR164: 0 | AS164: 0 | AT164: 0 | AU164: 0 | AV164: 0 | AW164: 0 | AX164: 0 | AY164: 0 | AZ164: 0 | BA164: 0 | BB164: 0 | BC164: 0 | BD164: 0 | BE164: 0 | BF164: 0 | BG164: 0 | BH164: 0 | BI164: 0 | BJ164: 0 | BK164: 0 | BL164: 0 | BM164: 0 | BN164: 1
C165: Villa, Jorge | D165: 0 | E165: 0 | F165: 0 | G165: 0 | H165: 0 | I165: 0 | J165: 0 | K165: 0 | L165: 0 | M165: 0 | N165: 0 | O165: 0 | P165: 0 | Q165: 0 | R165: 0 | S165: 0 | T165: 0 | U165: 0 | V165: 0 | W165: 0 | X165: 0 | Y165: 1 | Z165: 0 | AA165: 0 | AB165: 0 | AC165: 0 | AD165: 0 | AE165: 0 | AF165: 0 | AG165: 0 | AH165: 0 | AI165: 0 | AJ165: 0 | AK165: 0 | AL165: 0 | AM165: 0 | AN165: 0 | AO165: 0 | AP165: 0 | AQ165: 0 | AR165: 0 | AS165: 0 | AT165: 0 | AU165: 0 | AV165: 0 | AW165: 0 | AX165: 0 | AY165: 0 | AZ165: 0 | BA165: 0 | BB165: 0 | BC165: 0 | BD165: 0 | BE165: 0 | BF165: 0 | BG165: 0 | BH165: 0 | BI165: 0 | BJ165: 0 | BK165: 0 | BL165: 0 | BM165: 0 | BN165: 1
B166: Total Gloria Hernandez | D166: 0 | E166: 0 | F166: 0 | G166: 0 | H166: 1 | I166: 0 | J166: 1 | K166: 1 | L166: 0 | M166: 1 | N166: 0 | O166: 1 | P166: 0 | Q166: 1 | R166: 1 | S166: 1 | T166: 1 | U166: 1 | V166: 1 | W166: 1 | X166: 1 | Y166: 1 | Z166: 0 | AA166: 0 | AB166: 0 | AC166: 0 | AD166: 0 | AE166: 0 | AF166: 0 | AG166: 0 | AH166: 0 | AI166: 0 | AJ166: 0 | AK166: 0 | AL166: 0 | AM166: 0 | AN166: 0 | AO166: 0 | AP166: 0 | AQ166: 0 | AR166: 0 | AS166: 0 | AT166: 0 | AU166: 0 | AV166: 0 | AW166: 0 | AX166: 0 | AY166: 0 | AZ166: 0 | BA166: 0 | BB166: 0 | BC166: 0 | BD166: 0 | BE166: 0 | BF166: 0 | BG166: 0 | BH166: 0 | BI166: 0 | BJ166: 0 | BK166: 0 | BL166: 0 | BM166: 0 | BN166: 14
A167: Total Benjamin De Leon | D167: 0 | E167: 0 | F167: 0 | G167: 0 | H167: 1 | I167: 0 | J167: 1 | K167: 1 | L167: 0 | M167: 1 | N167: 0 | O167: 1 | P167: 0 | Q167: 1 | R167: 1 | S167: 1 | T167: 1 | U167: 1 | V167: 1 | W167: 1 | X167: 1 | Y167: 1 | Z167: 0 | AA167: 0 | AB167: 0 | AC167: 0 | AD167: 0 | AE167: 0 | AF167: 0 | AG167: 0 | AH167: 0 | AI167: 0 | AJ167: 0 | AK167: 0 | AL167: 0 | AM167: 0 | AN167: 0 | AO167: 0 | AP167: 0 | AQ167: 0 | AR167: 0 | AS167: 0 | AT167: 0 | AU167: 0 | AV167: 0 | AW167: 0 | AX167: 0 | AY167: 0 | AZ167: 0 | BA167: 0 | BB167: 0 | BC167: 0 | BD167: 0 | BE167: 0 | BF167: 0 | BG167: 0 | BH167: 0 | BI167: 0 | BJ167: 0 | BK167: 0 | BL167: 0 | BM167: 0 | BN167: 14
A168: Carlos Avila | B168: Gladys Lazaro | C168: Aguilera, Carlos | D168: 0 | E168: 0 | F168: 0 | G168: 0 | H168: 0 | I168: 0 | J168: 0 | K168: 0 | L168: 0 | M168: 0 | N168: 0 | O168: 0 | P168: 0 | Q168: 0 | R168: 0 | S168: 0 | T168: 0 | U168: 0 | V168: 0 | W168: 0 | X168: 0 | Y168: 0 | Z168: 0 | AA168: 0 | AB168: 0 | AC168: 0 | AD168: 0 | AE168: 1 | AF168: 0 | AG168: 0 | AH168: 0 | AI168: 0 | AJ168: 0 | AK168: 0 | AL168: 0 | AM168: 0 | AN168: 0 | AO168: 0 | AP168: 0 | AQ168: 0 | AR168: 0 | AS168: 0 | AT168: 0 | AU168: 0 | AV168: 0 | AW168: 0 | AX168: 0 | AY168: 0 | AZ168: 0 | BA168: 0 | BB168: 0 | BC168: 0 | BD168: 0 | BE168: 0 | BF168: 0 | BG168: 0 | BH168: 0 | BI168: 0 | BJ168: 0 | BK168: 0 | BL168: 0 | BM168: 0 | BN168: 1
C169: Carrillo, Saul | D169: 0 | E169: 0 | F169: 0 | G169: 0 | H169: 0 | I169: 0 | J169: 0 | K169: 0 | L169: 0 | M169: 0 | N169: 0 | O169: 0 | P169: 0 | Q169: 0 | R169: 0 | S169: 0 | T169: 0 | U169: 0 | V169: 0 | W169: 0 | X169: 0 | Y169: 0 | Z169: 0 | AA169: 0 | AB169: 0 | AC169: 0 | AD169: 0 | AE169: 0 | AF169: 0 | AG169: 1 | AH169: 0 | AI169: 0 | AJ169: 0 | AK169: 0 | AL169: 0 | AM169: 0 | AN169: 0 | AO169: 0 | AP169: 0 | AQ169: 0 | AR169: 0 | AS169: 0 | AT169: 0 | AU169: 0 | AV169: 0 | AW169: 0 | AX169: 0 | AY169: 0 | AZ169: 0 | BA169: 0 | BB169: 0 | BC169: 0 | BD169: 0 | BE169: 0 | BF169: 0 | BG169: 0 | BH169: 0 | BI169: 0 | BJ169: 0 | BK169: 0 | BL169: 0 | BM169: 0 | BN169: 1
C170: Contreras, Mara | D170: 0 | E170: 0 | F170: 0 | G170: 0 | H170: 0 | I170: 0 | J170: 0 | K170: 0 | L170: 0 | M170: 0 | N170: 0 | O170: 0 | P170: 0 | Q170: 0 | R170: 0 | S170: 0 | T170: 0 | U170: 0 | V170: 0 | W170: 0 | X170: 0 | Y170: 0 | Z170: 0 | AA170: 0 | AB170: 0 | AC170: 0 | AD170: 0 | AE170: 0 | AF170: 0 | AG170: 0 | AH170: 1 | AI170: 0 | AJ170: 0 | AK170: 0 | AL170: 0 | AM170: 0 | AN170: 0 | AO170: 0 | AP170: 0 | AQ170: 0 | AR170: 0 | AS170: 0 | AT170: 0 | AU170: 0 | AV170: 0 | AW170: 0 | AX170: 0 | AY170: 0 | AZ170: 0 | BA170: 0 | BB170: 0 | BC170: 0 | BD170: 0 | BE170: 0 | BF170: 0 | BG170: 0 | BH170: 0 | BI170: 0 | BJ170: 0 | BK170: 0 | BL170: 0 | BM170: 0 | BN170: 1
C171: Cruz, Juan | D171: 0 | E171: 0 | F171: 0 | G171: 0 | H171: 0 | I171: 0 | J171: 0 | K171: 0 | L171: 0 | M171: 0 | N171: 0 | O171: 0 | P171: 0 | Q171: 0 | R171: 0 | S171: 0 | T171: 0 | U171: 0 | V171: 0 | W171: 0 | X171: 0 | Y171: 0 | Z171: 0 | AA171: 0 | AB171: 0 | AC171: 0 | AD171: 0 | AE171: 0 | AF171: 0 | AG171: 0 | AH171: 0 | AI171: 1 | AJ171: 0 | AK171: 0 | AL171: 0 | AM171: 0 | AN171: 0 | AO171: 0 | AP171: 0 | AQ171: 0 | AR171: 0 | AS171: 0 | AT171: 0 | AU171: 0 | AV171: 0 | AW171: 0 | AX171: 0 | AY171: 0 | AZ171: 0 | BA171: 0 | BB171: 0 | BC171: 0 | BD171: 0 | BE171: 0 | BF171: 0 | BG171: 0 | BH171: 0 | BI171: 0 | BJ171: 0 | BK171: 0 | BL171: 0 | BM171: 0 | BN171: 1
C172: Davila, Diego | D172: 0 | E172: 0 | F172: 0 | G172: 0 | H172: 0 | I172: 0 | J172: 0 | K172: 0 | L172: 0 | M172: 0 | N172: 0 | O172: 0 | P172: 0 | Q172: 0 | R172: 0 | S172: 0 | T172: 0 | U172: 0 | V172: 0 | W172: 0 | X172: 0 | Y172: 0 | Z172: 0 | AA172: 0 | AB172: 0 | AC172: 0 | AD172: 0 | AE172: 0 | AF172: 0 | AG172: 0 | AH172: 0 | AI172: 0 | AJ172: 1 | AK172: 0 | AL172: 0 | AM172: 0 | AN172: 0 | AO172: 0 | AP172: 0 | AQ172: 0 | AR172: 0 | AS172: 0 | AT172: 0 | AU172: 0 | AV172: 0 | AW172: 0 | AX172: 0 | AY172: 0 | AZ172: 0 | BA172: 0 | BB172: 0 | BC172: 0 | BD172: 0 | BE172: 0 | BF172: 0 | BG172: 0 | BH172: 0 | BI172: 0 | BJ172: 0 | BK172: 0 | BL172: 0 | BM172: 0 | BN172: 1
C173: Gonzalez, Alejandra | D173: 0 | E173: 0 | F173: 0 | G173: 0 | H173: 0 | I173: 0 | J173: 0 | K173: 0 | L173: 0 | M173: 0 | N173: 0 | O173: 0 | P173: 0 | Q173: 0 | R173: 0 | S173: 0 | T173: 0 | U173: 0 | V173: 0 | W173: 0 | X173: 0 | Y173: 0 | Z173: 0 | AA173: 0 | AB173: 0 | AC173: 0 | AD173: 0 | AE173: 0 | AF173: 0 | AG173: 0 | AH173: 0 | AI173: 0 | AJ173: 0 | AK173: 1 | AL173: 0 | AM173: 0 | AN173: 0 | AO173: 0 | AP173: 0 | AQ173: 0 | AR173: 0 | AS173: 0 | AT173: 0 | AU173: 0 | AV173: 0 | AW173: 0 | AX173: 0 | AY173: 0 | AZ173: 0 | BA173: 0 | BB173: 0 | BC173: 0 | BD173: 0 | BE173: 0 | BF173: 0 | BG173: 0 | BH173: 0 | BI173: 0 | BJ173: 0 | BK173: 0 | BL173: 0 | BM173: 0 | BN173: 1
C174: Hernandez, Diego | D174: 0 | E174: 0 | F174: 0 | G174: 0 | H174: 0 | I174: 0 | J174: 0 | K174: 0 | L174: 0 | M174: 0 | N174: 0 | O174: 0 | P174: 0 | Q174: 0 | R174: 0 | S174: 0 | T174: 0 | U174: 0 | V174: 0 | W174: 0 | X174: 0 | Y174: 0 | Z174: 0 | AA174: 0 | AB174: 0 | AC174: 0 | AD174: 0 | AE174: 0 | AF174: 0 | AG174: 0 | AH174: 0 | AI174: 0 | AJ174: 0 | AK174: 0 | AL174: 1 | AM174: 0 | AN174: 0 | AO174: 0 | AP174: 0 | AQ174: 0 | AR174: 0 | AS174: 0 | AT174: 0 | AU174: 0 | AV174: 0 | AW174: 0 | AX174: 0 | AY174: 0 | AZ174: 0 | BA174: 0 | BB174: 0 | BC174: 0 | BD174: 0 | BE174: 0 | BF174: 0 | BG174: 0 | BH174: 0 | BI174: 0 | BJ174: 0 | BK174: 0 | BL174: 0 | BM174: 0 | BN174: 1
C175: Oros, Martin | D175: 0 | E175: 0 | F175: 0 | G175: 0 | H175: 0 | I175: 0 | J175: 0 | K175: 0 | L175: 0 | M175: 0 | N175: 0 | O175: 0 | P175: 0 | Q175: 0 | R175: 0 | S175: 0 | T175: 0 | U175: 0 | V175: 0 | W175: 0 | X175: 0 | Y175: 0 | Z175: 0 | AA175: 0 | AB175: 0 | AC175: 0 | AD175: 0 | AE175: 0 | AF175: 0 | AG175: 0 | AH175: 0 | AI175: 0 | AJ175: 0 | AK175: 0 | AL175: 0 | AM175: 0 | AN175: 1 | AO175: 0 | AP175: 0 | AQ175: 0 | AR175: 0 | AS175: 0 | AT175: 0 | AU175: 0 | AV175: 0 | AW175: 0 | AX175: 0 | AY175: 0 | AZ175: 0 | BA175: 0 | BB175: 0 | BC175: 0 | BD175: 0 | BE175: 0 | BF175: 0 | BG175: 0 | BH175: 0 | BI175: 0 | BJ175: 0 | BK175: 0 | BL175: 0 | BM175: 0 | BN175: 1
C176: Ortiz, Diego | D176: 0 | E176: 0 | F176: 0 | G176: 0 | H176: 0 | I176: 0 | J176: 0 | K176: 0 | L176: 0 | M176: 0 | N176: 0 | O176: 0 | P176: 0 | Q176: 0 | R176: 0 | S176: 0 | T176: 0 | U176: 0 | V176: 0 | W176: 0 | X176: 0 | Y176: 0 | Z176: 0 | AA176: 0 | AB176: 0 | AC176: 0 | AD176: 0 | AE176: 0 | AF176: 0 | AG176: 0 | AH176: 0 | AI176: 0 | AJ176: 0 | AK176: 0 | AL176: 0 | AM176: 0 | AN176: 0 | AO176: 1 | AP176: 0 | AQ176: 0 | AR176: 0 | AS176: 0 | AT176: 0 | AU176: 0 | AV176: 0 | AW176: 0 | AX176: 0 | AY176: 0 | AZ176: 0 | BA176: 0 | BB176: 0 | BC176: 0 | BD176: 0 | BE176: 0 | BF176: 0 | BG176: 0 | BH176: 0 | BI176: 0 | BJ176: 0 | BK176: 0 | BL176: 0 | BM176: 0 | BN176: 1
C177: Rosales, Hilda | D177: 0 | E177: 0 | F177: 0 | G177: 0 | H177: 0 | I177: 0 | J177: 0 | K177: 0 | L177: 0 | M177: 0 | N177: 0 | O177: 0 | P177: 0 | Q177: 0 | R177: 0 | S177: 0 | T177: 0 | U177: 0 | V177: 0 | W177: 0 | X177: 0 | Y177: 0 | Z177: 0 | AA177: 0 | AB177: 0 | AC177: 0 | AD177: 0 | AE177: 0 | AF177: 0 | AG177: 0 | AH177: 0 | AI177: 0 | AJ177: 0 | AK177: 0 | AL177: 0 | AM177: 0 | AN177: 0 | AO177: 0 | AP177: 1 | AQ177: 0 | AR177: 0 | AS177: 0 | AT177: 0 | AU177: 0 | AV177: 0 | AW177: 0 | AX177: 0 | AY177: 0 | AZ177: 0 | BA177: 0 | BB177: 0 | BC177: 0 | BD177: 0 | BE177: 0 | BF177: 0 | BG177: 0 | BH177: 0 | BI177: 0 | BJ177: 0 | BK177: 0 | BL177: 0 | BM177: 0 | BN177: 1
C178: Sauceda, Fernando | D178: 0 | E178: 0 | F178: 0 | G178: 0 | H178: 0 | I178: 0 | J178: 0 | K178: 0 | L178: 0 | M178: 0 | N178: 0 | O178: 0 | P178: 0 | Q178: 0 | R178: 0 | S178: 0 | T178: 0 | U178: 0 | V178: 0 | W178: 0 | X178: 0 | Y178: 0 | Z178: 0 | AA178: 0 | AB178: 0 | AC178: 0 | AD178: 0 | AE178: 0 | AF178: 0 | AG178: 0 | AH178: 0 | AI178: 0 | AJ178: 0 | AK178: 0 | AL178: 0 | AM178: 0 | AN178: 0 | AO178: 0 | AP178: 0 | AQ178: 1 | AR178: 0 | AS178: 0 | AT178: 0 | AU178: 0 | AV178: 0 | AW178: 0 | AX178: 0 | AY178: 0 | AZ178: 0 | BA178: 0 | BB178: 0 | BC178: 0 | BD178: 0 | BE178: 0 | BF178: 0 | BG178: 0 | BH178: 0 | BI178: 0 | BJ178: 0 | BK178: 0 | BL178: 0 | BM178: 0 | BN178: 1
C179: Vazquez, Jose | D179: 0 | E179: 0 | F179: 0 | G179: 0 | H179: 0 | I179: 0 | J179: 0 | K179: 0 | L179: 0 | M179: 0 | N179: 0 | O179: 0 | P179: 0 | Q179: 0 | R179: 0 | S179: 0 | T179: 0 | U179: 0 | V179: 0 | W179: 0 | X179: 0 | Y179: 0 | Z179: 0 | AA179: 0 | AB179: 0 | AC179: 0 | AD179: 0 | AE179: 0 | AF179: 0 | AG179: 0 | AH179: 0 | AI179: 0 | AJ179: 0 | AK179: 0 | AL179: 0 | AM179: 0 | AN179: 0 | AO179: 0 | AP179: 0 | AQ179: 0 | AR179: 1 | AS179: 0 | AT179: 0 | AU179: 0 | AV179: 0 | AW179: 0 | AX179: 0 | AY179: 0 | AZ179: 0 | BA179: 0 | BB179: 0 | BC179: 0 | BD179: 0 | BE179: 0 | BF179: 0 | BG179: 0 | BH179: 0 | BI179: 0 | BJ179: 0 | BK179: 0 | BL179: 0 | BM179: 0 | BN179: 1
B180: Total Gladys Lazaro | D180: 0 | E180: 0 | F180: 0 | G180: 0 | H180: 0 | I180: 0 | J180: 0 | K180: 0 | L180: 0 | M180: 0 | N180: 0 | O180: 0 | P180: 0 | Q180: 0 | R180: 0 | S180: 0 | T180: 0 | U180: 0 | V180: 0 | W180: 0 | X180: 0 | Y180: 0 | Z180: 0 | AA180: 0 | AB180: 0 | AC180: 0 | AD180: 0 | AE180: 1 | AF180: 0 | AG180: 1 | AH180: 1 | AI180: 1 | AJ180: 1 | AK180: 1 | AL180: 1 | AM180: 0 | AN180: 1 | AO180: 1 | AP180: 1 | AQ180: 1 | AR180: 1 | AS180: 0 | AT180: 0 | AU180: 0 | AV180: 0 | AW180: 0 | AX180: 0 | AY180: 0 | AZ180: 0 | BA180: 0 | BB180: 0 | BC180: 0 | BD180: 0 | BE180: 0 | BF180: 0 | BG180: 0 | BH180: 0 | BI180: 0 | BJ180: 0 | BK180: 0 | BL180: 0 | BM180: 0 | BN180: 12
A181: Total Carlos Avila | D181: 0 | E181: 0 | F181: 0 | G181: 0 | H181: 0 | I181: 0 | J181: 0 | K181: 0 | L181: 0 | M181: 0 | N181: 0 | O181: 0 | P181: 0 | Q181: 0 | R181: 0 | S181: 0 | T181: 0 | U181: 0 | V181: 0 | W181: 0 | X181: 0 | Y181: 0 | Z181: 0 | AA181: 0 | AB181: 0 | AC181: 0 | AD181: 0 | AE181: 1 | AF181: 0 | AG181: 1 | AH181: 1 | AI181: 1 | AJ181: 1 | AK181: 1 | AL181: 1 | AM181: 0 | AN181: 1 | AO181: 1 | AP181: 1 | AQ181: 1 | AR181: 1 | AS181: 0 | AT181: 0 | AU181: 0 | AV181: 0 | AW181: 0 | AX181: 0 | AY181: 0 | AZ181: 0 | BA181: 0 | BB181: 0 | BC181: 0 | BD181: 0 | BE181: 0 | BF181: 0 | BG181: 0 | BH181: 0 | BI181: 0 | BJ181: 0 | BK181: 0 | BL181: 0 | BM181: 0 | BN181: 12
A182: Cesar Hernandez | B182: Jorge Bustos | C182: Delgado, Katia | D182: 0 | E182: 0 | F182: 0 | G182: 0 | H182: 0 | I182: 0 | J182: 0 | K182: 0 | L182: 0 | M182: 0 | N182: 0 | O182: 0 | P182: 0 | Q182: 0 | R182: 0 | S182: 0 | T182: 0 | U182: 0 | V182: 0 | W182: 0 | X182: 0 | Y182: 0 | Z182: 0 | AA182: 0 | AB182: 0 | AC182: 0 | AD182: 1 | AE182: 0 | AF182: 0 | AG182: 0 | AH182: 0 | AI182: 0 | AJ182: 0 | AK182: 0 | AL182: 0 | AM182: 0 | AN182: 0 | AO182: 0 | AP182: 0 | AQ182: 0 | AR182: 0 | AS182: 0 | AT182: 0 | AU182: 0 | AV182: 0 | AW182: 0 | AX182: 0 | AY182: 0 | AZ182: 0 | BA182: 0 | BB182: 0 | BC182: 0 | BD182: 0 | BE182: 0 | BF182: 0 | BG182: 0 | BH182: 0 | BI182: 0 | BJ182: 0 | BK182: 0 | BL182: 0 | BM182: 0 | BN182: 1
C183: Escamilla, Hector | D183: 0 | E183: 0 | F183: 0 | G183: 0 | H183: 0 | I183: 0 | J183: 0 | K183: 0 | L183: 0 | M183: 0 | N183: 0 | O183: 0 | P183: 0 | Q183: 0 | R183: 0 | S183: 0 | T183: 0 | U183: 0 | V183: 0 | W183: 0 | X183: 0 | Y183: 0 | Z183: 0 | AA183: 0 | AB183: 0 | AC183: 0 | AD183: 0 | AE183: 0 | AF183: 1 | AG183: 0 | AH183: 0 | AI183: 0 | AJ183: 0 | AK183: 0 | AL183: 0 | AM183: 0 | AN183: 0 | AO183: 0 | AP183: 0 | AQ183: 0 | AR183: 0 | AS183: 0 | AT183: 0 | AU183: 0 | AV183: 0 | AW183: 0 | AX183: 0 | AY183: 0 | AZ183: 0 | BA183: 0 | BB183: 0 | BC183: 0 | BD183: 0 | BE183: 0 | BF183: 0 | BG183: 0 | BH183: 0 | BI183: 0 | BJ183: 0 | BK183: 0 | BL183: 0 | BM183: 0 | BN183: 1
C184: Rangel, Santiago | D184: 0 | E184: 0 | F184: 0 | G184: 0 | H184: 0 | I184: 0 | J184: 0 | K184: 0 | L184: 0 | M184: 0 | N184: 0 | O184: 0 | P184: 0 | Q184: 0 | R184: 0 | S184: 0 | T184: 0 | U184: 0 | V184: 0 | W184: 0 | X184: 0 | Y184: 0 | Z184: 1 | AA184: 0 | AB184: 0 | AC184: 0 | AD184: 0 | AE184: 0 | AF184: 0 | AG184: 0 | AH184: 0 | AI184: 0 | AJ184: 0 | AK184: 0 | AL184: 0 | AM184: 0 | AN184: 0 | AO184: 0 | AP184: 0 | AQ184: 0 | AR184: 0 | AS184: 0 | AT184: 0 | AU184: 0 | AV184: 0 | AW184: 0 | AX184: 0 | AY184: 0 | AZ184: 0 | BA184: 0 | BB184: 0 | BC184: 0 | BD184: 0 | BE184: 0 | BF184: 0 | BG184: 0 | BH184: 0 | BI184: 0 | BJ184: 0 | BK184: 0 | BL184: 0 | BM184: 0 | BN184: 1
C185: Salmon, Antonio | D185: 0 | E185: 0 | F185: 0 | G185: 0 | H185: 0 | I185: 0 | J185: 0 | K185: 0 | L185: 0 | M185: 0 | N185: 0 | O185: 0 | P185: 0 | Q185: 0 | R185: 0 | S185: 0 | T185: 0 | U185: 0 | V185: 0 | W185: 0 | X185: 0 | Y185: 0 | Z185: 0 | AA185: 1 | AB185: 0 | AC185: 0 | AD185: 0 | AE185: 0 | AF185: 0 | AG185: 0 | AH185: 0 | AI185: 0 | AJ185: 0 | AK185: 0 | AL185: 0 | AM185: 0 | AN185: 0 | AO185: 0 | AP185: 0 | AQ185: 0 | AR185: 0 | AS185: 0 | AT185: 0 | AU185: 0 | AV185: 0 | AW185: 0 | AX185: 0 | AY185: 0 | AZ185: 0 | BA185: 0 | BB185: 0 | BC185: 0 | BD185: 0 | BE185: 0 | BF185: 0 | BG185: 0 | BH185: 0 | BI185: 0 | BJ185: 0 | BK185: 0 | BL185: 0 | BM185: 0 | BN185: 1
C186: Sanchez, Ana | D186: 0 | E186: 0 | F186: 0 | G186: 0 | H186: 0 | I186: 0 | J186: 0 | K186: 0 | L186: 0 | M186: 0 | N186: 0 | O186: 0 | P186: 0 | Q186: 0 | R186: 0 | S186: 0 | T186: 0 | U186: 0 | V186: 0 | W186: 0 | X186: 0 | Y186: 0 | Z186: 0 | AA186: 0 | AB186: 1 | AC186: 0 | AD186: 0 | AE186: 0 | AF186: 0 | AG186: 0 | AH186: 0 | AI186: 0 | AJ186: 0 | AK186: 0 | AL186: 0 | AM186: 0 | AN186: 0 | AO186: 0 | AP186: 0 | AQ186: 0 | AR186: 0 | AS186: 0 | AT186: 0 | AU186: 0 | AV186: 0 | AW186: 0 | AX186: 0 | AY186: 0 | AZ186: 0 | BA186: 0 | BB186: 0 | BC186: 0 | BD186: 0 | BE186: 0 | BF186: 0 | BG186: 0 | BH186: 0 | BI186: 0 | BJ186: 0 | BK186: 0 | BL186: 0 | BM186: 0 | BN186: 1
C187: Villaseñor, Carlos | D187: 0 | E187: 0 | F187: 0 | G187: 0 | H187: 0 | I187: 0 | J187: 0 | K187: 0 | L187: 0 | M187: 0 | N187: 0 | O187: 0 | P187: 0 | Q187: 0 | R187: 0 | S187: 0 | T187: 0 | U187: 0 | V187: 0 | W187: 0 | X187: 0 | Y187: 0 | Z187: 0 | AA187: 0 | AB187: 0 | AC187: 1 | AD187: 0 | AE187: 0 | AF187: 0 | AG187: 0 | AH187: 0 | AI187: 0 | AJ187: 0 | AK187: 0 | AL187: 0 | AM187: 0 | AN187: 0 | AO187: 0 | AP187: 0 | AQ187: 0 | AR187: 0 | AS187: 0 | AT187: 0 | AU187: 0 | AV187: 0 | AW187: 0 | AX187: 0 | AY187: 0 | AZ187: 0 | BA187: 0 | BB187: 0 | BC187: 0 | BD187: 0 | BE187: 0 | BF187: 0 | BG187: 0 | BH187: 0 | BI187: 0 | BJ187: 0 | BK187: 0 | BL187: 0 | BM187: 0 | BN187: 1
B188: Total Jorge Bustos | D188: 0 | E188: 0 | F188: 0 | G188: 0 | H188: 0 | I188: 0 | J188: 0 | K188: 0 | L188: 0 | M188: 0 | N188: 0 | O188: 0 | P188: 0 | Q188: 0 | R188: 0 | S188: 0 | T188: 0 | U188: 0 | V188: 0 | W188: 0 | X188: 0 | Y188: 0 | Z188: 1 | AA188: 1 | AB188: 1 | AC188: 1 | AD188: 1 | AE188: 0 | AF188: 1 | AG188: 0 | AH188: 0 | AI188: 0 | AJ188: 0 | AK188: 0 | AL188: 0 | AM188: 0 | AN188: 0 | AO188: 0 | AP188: 0 | AQ188: 0 | AR188: 0 | AS188: 0 | AT188: 0 | AU188: 0 | AV188: 0 | AW188: 0 | AX188: 0 | AY188: 0 | AZ188: 0 | BA188: 0 | BB188: 0 | BC188: 0 | BD188: 0 | BE188: 0 | BF188: 0 | BG188: 0 | BH188: 0 | BI188: 0 | BJ188: 0 | BK188: 0 | BL188: 0 | BM188: 0 | BN188: 6
A189: Total Cesar Hernandez | D189: 0 | E189: 0 | F189: 0 | G189: 0 | H189: 0 | I189: 0 | J189: 0 | K189: 0 | L189: 0 | M189: 0 | N189: 0 | O189: 0 | P189: 0 | Q189: 0 | R189: 0 | S189: 0 | T189: 0 | U189: 0 | V189: 0 | W189: 0 | X189: 0 | Y189: 0 | Z189: 1 | AA189: 1 | AB189: 1 | AC189: 1 | AD189: 1 | AE189: 0 | AF189: 1 | AG189: 0 | AH189: 0 | AI189: 0 | AJ189: 0 | AK189: 0 | AL189: 0 | AM189: 0 | AN189: 0 | AO189: 0 | AP189: 0 | AQ189: 0 | AR189: 0 | AS189: 0 | AT189: 0 | AU189: 0 | AV189: 0 | AW189: 0 | AX189: 0 | AY189: 0 | AZ189: 0 | BA189: 0 | BB189: 0 | BC189: 0 | BD189: 0 | BE189: 0 | BF189: 0 | BG189: 0 | BH189: 0 | BI189: 0 | BJ189: 0 | BK189: 0 | BL189: 0 | BM189: 0 | BN189: 6
A190: Cesar Reyes | B190: Gladys Lazaro | C190: Hernandez, Carmen | D190: 0 | E190: 0 | F190: 0 | G190: 0 | H190: 0 | I190: 0 | J190: 0 | K190: 0 | L190: 0 | M190: 0 | N190: 0 | O190: 0 | P190: 0 | Q190: 0 | R190: 0 | S190: 0 | T190: 0 | U190: 0 | V190: 0 | W190: 0 | X190: 0 | Y190: 0 | Z190: 0 | AA190: 0 | AB190: 0 | AC190: 0 | AD190: 0 | AE190: 0 | AF190: 0 | AG190: 0 | AH190: 0 | AI190: 0 | AJ190: 0 | AK190: 0 | AL190: 0 | AM190: 0 | AN190: 0 | AO190: 0 | AP190: 0 | AQ190: 0 | AR190: 0 | AS190: 1 | AT190: 0 | AU190: 0 | AV190: 0 | AW190: 0 | AX190: 0 | AY190: 0 | AZ190: 0 | BA190: 0 | BB190: 0 | BC190: 0 | BD190: 0 | BE190: 0 | BF190: 0 | BG190: 0 | BH190: 0 | BI190: 0 | BJ190: 0 | BK190: 0 | BL190: 0 | BM190: 0 | BN190: 1
C191: Hernandez, Luis | D191: 0 | E191: 0 | F191: 0 | G191: 0 | H191: 0 | I191: 0 | J191: 0 | K191: 0 | L191: 0 | M191: 0 | N191: 0 | O191: 0 | P191: 0 | Q191: 0 | R191: 0 | S191: 0 | T191: 0 | U191: 0 | V191: 0 | W191: 0 | X191: 0 | Y191: 0 | Z191: 0 | AA191: 0 | AB191: 0 | AC191: 0 | AD191: 0 | AE191: 0 | AF191: 0 | AG191: 0 | AH191: 0 | AI191: 0 | AJ191: 0 | AK191: 0 | AL191: 0 | AM191: 0 | AN191: 0 | AO191: 0 | AP191: 0 | AQ191: 0 | AR191: 0 | AS191: 0 | AT191: 1 | AU191: 0 | AV191: 0 | AW191: 0 | AX191: 0 | AY191: 0 | AZ191: 0 | BA191: 0 | BB191: 0 | BC191: 0 | BD191: 0 | BE191: 0 | BF191: 0 | BG191: 0 | BH191: 0 | BI191: 0 | BJ191: 0 | BK191: 0 | BL191: 0 | BM191: 0 | BN191: 1
C192: Ortiz, Jeanette | D192: 0 | E192: 0 | F192: 0 | G192: 0 | H192: 0 | I192: 0 | J192: 0 | K192: 0 | L192: 0 | M192: 0 | N192: 0 | O192: 0 | P192: 0 | Q192: 0 | R192: 0 | S192: 0 | T192: 0 | U192: 0 | V192: 0 | W192: 0 | X192: 0 | Y192: 0 | Z192: 0 | AA192: 0 | AB192: 0 | AC192: 0 | AD192: 0 | AE192: 0 | AF192: 0 | AG192: 0 | AH192: 0 | AI192: 0 | AJ192: 0 | AK192: 0 | AL192: 0 | AM192: 0 | AN192: 0 | AO192: 0 | AP192: 0 | AQ192: 0 | AR192: 0 | AS192: 0 | AT192: 0 | AU192: 1 | AV192: 0 | AW192: 0 | AX192: 0 | AY192: 0 | AZ192: 0 | BA192: 0 | BB192: 0 | BC192: 0 | BD192: 0 | BE192: 0 | BF192: 0 | BG192: 0 | BH192: 0 | BI192: 0 | BJ192: 0 | BK192: 0 | BL192: 0 | BM192: 0 | BN192: 1
C193: Villarreal, Jorge | D193: 0 | E193: 0 | F193: 0 | G193: 0 | H193: 0 | I193: 0 | J193: 0 | K193: 0 | L193: 0 | M193: 0 | N193: 0 | O193: 0 | P193: 0 | Q193: 0 | R193: 0 | S193: 0 | T193: 0 | U193: 0 | V193: 0 | W193: 0 | X193: 0 | Y193: 0 | Z193: 0 | AA193: 0 | AB193: 0 | AC193: 0 | AD193: 0 | AE193: 0 | AF193: 0 | AG193: 0 | AH193: 0 | AI193: 0 | AJ193: 0 | AK193: 0 | AL193: 0 | AM193: 0 | AN193: 0 | AO193: 0 | AP193: 0 | AQ193: 0 | AR193: 0 | AS193: 0 | AT193: 0 | AU193: 0 | AV193: 1 | AW193: 0 | AX193: 0 | AY193: 0 | AZ193: 0 | BA193: 0 | BB193: 0 | BC193: 0 | BD193: 0 | BE193: 0 | BF193: 0 | BG193: 0 | BH193: 0 | BI193: 0 | BJ193: 0 | BK193: 0 | BL193: 0 | BM193: 0 | BN193: 1
C194: Villatoro, Daniel | D194: 0 | E194: 0 | F194: 0 | G194: 0 | H194: 0 | I194: 0 | J194: 0 | K194: 0 | L194: 0 | M194: 0 | N194: 0 | O194: 0 | P194: 0 | Q194: 0 | R194: 0 | S194: 0 | T194: 0 | U194: 0 | V194: 0 | W194: 0 | X194: 0 | Y194: 0 | Z194: 0 | AA194: 0 | AB194: 0 | AC194: 0 | AD194: 0 | AE194: 0 | AF194: 0 | AG194: 0 | AH194: 0 | AI194: 0 | AJ194: 0 | AK194: 0 | AL194: 0 | AM194: 0 | AN194: 0 | AO194: 0 | AP194: 0 | AQ194: 0 | AR194: 0 | AS194: 0 | AT194: 0 | AU194: 0 | AV194: 0 | AW194: 1 | AX194: 0 | AY194: 0 | AZ194: 0 | BA194: 0 | BB194: 0 | BC194: 0 | BD194: 0 | BE194: 0 | BF194: 0 | BG194: 0 | BH194: 0 | BI194: 0 | BJ194: 0 | BK194: 0 | BL194: 0 | BM194: 0 | BN194: 1
B195: Total Gladys Lazaro | D195: 0 | E195: 0 | F195: 0 | G195: 0 | H195: 0 | I195: 0 | J195: 0 | K195: 0 | L195: 0 | M195: 0 | N195: 0 | O195: 0 | P195: 0 | Q195: 0 | R195: 0 | S195: 0 | T195: 0 | U195: 0 | V195: 0 | W195: 0 | X195: 0 | Y195: 0 | Z195: 0 | AA195: 0 | AB195: 0 | AC195: 0 | AD195: 0 | AE195: 0 | AF195: 0 | AG195: 0 | AH195: 0 | AI195: 0 | AJ195: 0 | AK195: 0 | AL195: 0 | AM195: 0 | AN195: 0 | AO195: 0 | AP195: 0 | AQ195: 0 | AR195: 0 | AS195: 1 | AT195: 1 | AU195: 1 | AV195: 1 | AW195: 1 | AX195: 0 | AY195: 0 | AZ195: 0 | BA195: 0 | BB195: 0 | BC195: 0 | BD195: 0 | BE195: 0 | BF195: 0 | BG195: 0 | BH195: 0 | BI195: 0 | BJ195: 0 | BK195: 0 | BL195: 0 | BM195: 0 | BN195: 5
A196: Total Cesar Reyes | D196: 0 | E196: 0 | F196: 0 | G196: 0 | H196: 0 | I196: 0 | J196: 0 | K196: 0 | L196: 0 | M196: 0 | N196: 0 | O196: 0 | P196: 0 | Q196: 0 | R196: 0 | S196: 0 | T196: 0 | U196: 0 | V196: 0 | W196: 0 | X196: 0 | Y196: 0 | Z196: 0 | AA196: 0 | AB196: 0 | AC196: 0 | AD196: 0 | AE196: 0 | AF196: 0 | AG196: 0 | AH196: 0 | AI196: 0 | AJ196: 0 | AK196: 0 | AL196: 0 | AM196: 0 | AN196: 0 | AO196: 0 | AP196: 0 | AQ196: 0 | AR196: 0 | AS196: 1 | AT196: 1 | AU196: 1 | AV196: 1 | AW196: 1 | AX196: 0 | AY196: 0 | AZ196: 0 | BA196: 0 | BB196: 0 | BC196: 0 | BD196: 0 | BE196: 0 | BF196: 0 | BG196: 0 | BH196: 0 | BI196: 0 | BJ196: 0 | BK196: 0 | BL196: 0 | BM196: 0 | BN196: 5
A197: Daniel Jimenez | B197: Jorge Bustos | C197: Martinez, Elias | D197: 0 | E197: 0 | F197: 0 | G197: 0 | H197: 0 | I197: 0 | J197: 0 | K197: 0 | L197: 0 | M197: 0 | N197: 0 | O197: 0 | P197: 0 | Q197: 0 | R197: 0 | S197: 0 | T197: 0 | U197: 0 | V197: 0 | W197: 0 | X197: 0 | Y197: 0 | Z197: 0 | AA197: 0 | AB197: 0 | AC197: 0 | AD197: 0 | AE197: 0 | AF197: 0 | AG197: 0 | AH197: 0 | AI197: 0 | AJ197: 0 | AK197: 0 | AL197: 0 | AM197: 1 | AN197: 0 | AO197: 0 | AP197: 0 | AQ197: 0 | AR197: 0 | AS197: 0 | AT197: 0 | AU197: 0 | AV197: 0 | AW197: 0 | AX197: 0 | AY197: 0 | AZ197: 0 | BA197: 0 | BB197: 0 | BC197: 0 | BD197: 0 | BE197: 0 | BF197: 0 | BG197: 0 | BH197: 0 | BI197: 0 | BJ197: 0 | BK197: 0 | BL197: 0 | BM197: 0 | BN197: 1
B198: Total Jorge Bustos | D198: 0 | E198: 0 | F198: 0 | G198: 0 | H198: 0 | I198: 0 | J198: 0 | K198: 0 | L198: 0 | M198: 0 | N198: 0 | O198: 0 | P198: 0 | Q198: 0 | R198: 0 | S198: 0 | T198: 0 | U198: 0 | V198: 0 | W198: 0 | X198: 0 | Y198: 0 | Z198: 0 | AA198: 0 | AB198: 0 | AC198: 0 | AD198: 0 | AE198: 0 | AF198: 0 | AG198: 0 | AH198: 0 | AI198: 0 | AJ198: 0 | AK198: 0 | AL198: 0 | AM198: 1 | AN198: 0 | AO198: 0 | AP198: 0 | AQ198: 0 | AR198: 0 | AS198: 0 | AT198: 0 | AU198: 0 | AV198: 0 | AW198: 0 | AX198: 0 | AY198: 0 | AZ198: 0 | BA198: 0 | BB198: 0 | BC198: 0 | BD198: 0 | BE198: 0 | BF198: 0 | BG198: 0 | BH198: 0 | BI198: 0 | BJ198: 0 | BK198: 0 | BL198: 0 | BM198: 0 | BN198: 1
A199: Total Daniel Jimenez | D199: 0 | E199: 0 | F199: 0 | G199: 0 | H199: 0 | I199: 0 | J199: 0 | K199: 0 | L199: 0 | M199: 0 | N199: 0 | O199: 0 | P199: 0 | Q199: 0 | R199: 0 | S199: 0 | T199: 0 | U199: 0 | V199: 0 | W199: 0 | X199: 0 | Y199: 0 | Z199: 0 | AA199: 0 | AB199: 0 | AC199: 0 | AD199: 0 | AE199: 0 | AF199: 0 | AG199: 0 | AH199: 0 | AI199: 0 | AJ199: 0 | AK199: 0 | AL199: 0 | AM199: 1 | AN199: 0 | AO199: 0 | AP199: 0 | AQ199: 0 | AR199: 0 | AS199: 0 | AT199: 0 | AU199: 0 | AV199: 0 | AW199: 0 | AX199: 0 | AY199: 0 | AZ199: 0 | BA199: 0 | BB199: 0 | BC199: 0 | BD199: 0 | BE199: 0 | BF199: 0 | BG199: 0 | BH199: 0 | BI199: 0 | BJ199: 0 | BK199: 0 | BL199: 0 | BM199: 0 | BN199: 1
A200: Eder Garza | B200: Dulce Pedraza | C200: De La Garza, Pablo | D200: 0 | E200: 0 | F200: 0 | G200: 0 | H200: 0 | I200: 0 | J200: 0 | K200: 0 | L200: 0 | M200: 0 | N200: 0 | O200: 0 | P200: 0 | Q200: 0 | R200: 0 | S200: 0 | T200: 0 | U200: 0 | V200: 0 | W200: 0 | X200: 0 | Y200: 0 | Z200: 0 | AA200: 0 | AB200: 0 | AC200: 0 | AD200: 0 | AE200: 0 | AF200: 0 | AG200: 0 | AH200: 0 | AI200: 0 | AJ200: 0 | AK200: 0 | AL200: 0 | AM200: 0 | AN200: 0 | AO200: 0 | AP200: 0 | AQ200: 0 | AR200: 0 | AS200: 0 | AT200: 0 | AU200: 0 | AV200: 0 | AW200: 0 | AX200: 0 | AY200: 0 | AZ200: 0 | BA200: 0 | BB200: 0 | BC200: 1 | BD200: 0 | BE200: 0 | BF200: 0 | BG200: 0 | BH200: 0 | BI200: 0 | BJ200: 0 | BK200: 0 | BL200: 0 | BM200: 0 | BN200: 1
C201: Garcia, Arif | D201: 0 | E201: 0 | F201: 0 | G201: 0 | H201: 0 | I201: 0 | J201: 0 | K201: 0 | L201: 0 | M201: 0 | N201: 0 | O201: 0 | P201: 0 | Q201: 0 | R201: 0 | S201: 0 | T201: 0 | U201: 0 | V201: 0 | W201: 0 | X201: 0 | Y201: 0 | Z201: 0 | AA201: 0 | AB201: 0 | AC201: 0 | AD201: 0 | AE201: 0 | AF201: 0 | AG201: 0 | AH201: 0 | AI201: 0 | AJ201: 0 | AK201: 0 | AL201: 0 | AM201: 0 | AN201: 0 | AO201: 0 | AP201: 0 | AQ201: 0 | AR201: 0 | AS201: 0 | AT201: 0 | AU201: 0 | AV201: 0 | AW201: 0 | AX201: 0 | AY201: 0 | AZ201: 0 | BA201: 0 | BB201: 0 | BC201: 0 | BD201: 1 | BE201: 0 | BF201: 0 | BG201: 0 | BH201: 0 | BI201: 0 | BJ201: 0 | BK201: 0 | BL201: 0 | BM201: 0 | BN201: 1
...

Sheet Sheet1
